"Title","Profit","Year","audienceScore","tomatoMeter","Rating","Rank"
"The Butler",177313795,2013,78,71,"PG-13",1
"The 40-Year-Old Virgin",177378645,2005,84,85,"R",2
"Hero",177395557,2002,87,94,"PG-13",3
"Alien vs. Predator",177427090,2004,39,22,"PG-13",4
"How to Lose a Guy in 10 Days",177502387,2003,77,42,"PG-13",5
"Paranormal Activity 2",177512032,2010,48,57,"R",6
"War Horse",177584879,2011,74,75,"PG-13",7
"Double Jeopardy",177841558,1999,61,28,"R",8
"Baywatch",177856751,2017,62,17,"R",9
"Flubber",177977226,1997,33,24,"PG",10
"Patriot Games",178051587,1992,72,74,"R",11
"Brokeback Mountain",178062759,2005,82,88,"R",12
"Dante's Peak",178127760,1997,38,28,"PG-13",13
"Scary Movie 4",178262620,2006,51,34,"PG-13",14
"Flushed Away",178281554,2006,65,73,"PG",15
"Along Came Polly",178311729,2004,47,27,"PG-13",16
"Eagle Eye",178767383,2008,62,26,"PG-13",17
"He's Just Not That Into You",178866158,2009,59,41,"PG-13",18
"City Slickers",179033791,1991,64,90,"PG-13",19
"Daredevil",179179718,2003,35,43,"PG-13",20
"Allegiant",179246868,2016,41,11,"PG-13",21
"The League of Extraordinary Gentlemen",179265204,2003,44,17,"PG-13",22
"The Dictator",179379533,2012,44,56,"R",23
"Dangerous Minds",179519401,1995,64,33,"R",24
"Deja Vu",180557550,2006,73,56,"PG-13",25
"Hacksaw Ridge",180563636,2016,91,84,"R",26
"Daddy's Home 2",180613824,2017,51,21,"PG-13",27
"Sweet Home Alabama",180622424,2002,78,38,"PG-13",28
"The Scorpion King",180630907,2002,37,41,"PG-13",29
"Kill Bill: Vol. 1",180906076,2003,81,85,"R",30
"Road to Perdition",181001478,2002,86,81,"R",31
"Hot Shots!",181096164,1991,65,85,"PG-13",32
"Scooby-Doo 2: Monsters Unleashed",181239132,2004,40,22,"PG",33
"Cliff Walkers",181325565,2021,77,81,"",34
"The First Wives Club",181489203,1996,68,50,"PG",35
"Poseidon",181674817,2006,43,33,"PG-13",36
"From Vegas to Macau III",181732879,2016,14,20,"",37
"The Bridges of Madison County",182016617,1995,87,90,"PG-13",38
"While You Were Sleeping",182057016,1995,79,81,"PG",39
"The Haunted Mansion",182290266,2003,31,14,"PG",40
"Cape Fear",182291969,1991,77,74,"R",41
"The Man in the Iron Mask",182968902,1998,55,32,"PG-13",42
"Mirror Mirror",183018522,2012,45,50,"PG",43
"Maverick",183031272,1994,71,67,"PG",44
"Wayne's World",183097323,1992,84,79,"PG-13",45
"Paul Blart: Mall Cop",183348429,2009,43,34,"PG",46
"The Hitman's Bodyguard",183428689,2017,67,43,"R",47
"Storks",183510278,2016,62,65,"PG",49
"102 Dalmatians",183611771,2000,32,31,"G",50
"Knowing",183658498,2007,42,34,"PG-13",51
"Jupiter Ascending",183887723,2015,38,28,"PG-13",52
"Bad Moms",183936074,2016,63,58,"R",53
"Hop",184367145,2011,53,24,"PG",54
"Snow White and the Seven Dwarfs",184925486,1937,78,98,"G",55
"Moulin Rouge!",184935320,2001,89,75,"PG-13",56
"The Birdcage",185260553,1996,81,82,"R",57
"Watchmen",185382813,2009,71,65,"R",58
"Pitch Perfect 3",185400345,2017,43,28,"PG-13",59
"Hugo",185770310,2011,78,93,"PG",60
"The Waterboy",185991646,1998,71,33,"PG-13",61
"Inside Man",186003591,2006,85,86,"R",62
"Atlantis: The Lost Empire",186053725,2001,54,49,"PG",63
"The Final Destination",186167139,2009,35,27,"R",64
"The Jungle Book 2",186303759,2003,30,18,"G",65
"Walk the Line",186797986,2005,90,82,"PG-13",67
"The Horse Whisperer",186883563,1998,72,74,"PG-13",68
"I Now Pronounce You Chuck & Larry",187134117,2007,69,14,"PG-13",69
"The Grudge",187281115,2004,46,40,"PG-13",70
"Mr. Popper's Penguins",187361754,2011,53,47,"PG",71
"Heat",187436818,1995,94,88,"R",72
"12 Years a Slave",187733202,2013,90,95,"R",73
"The Post",187795262,2017,73,88,"PG-13",74
"Jaws 2",187884007,1978,38,61,"PG",75
"The Secret Life of Walter Mitty",188133322,2013,71,52,"PG",77
"Rambo III",189015611,1988,45,41,"R",78
"XFiles Fight the Future",189176423,1998,72,67,"PG-13",80
"The White Storm 2: Drug Lords",189396380,2019,61,57,"",81
"Outbreak",189859560,1995,56,59,"R",82
"Hollow Man",190213455,2000,28,26,"R",83
"The Equalizer 2",190400157,2018,60,52,"R",84
"Abominable",190514622,2019,95,82,"PG",85
"Cheaper by the Dozen",190538630,2003,56,24,"PG",86
"The Santa Clause",190539357,1994,65,73,"PG",87
"The Lost City",190844029,2022,83,79,"PG-13",88
"The Longest Yard",191466556,2005,62,31,"PG-13",89
"The Addams Family",191502426,1991,69,45,"PG",90
"The Equalizer",192330738,2014,76,60,"R",92
"The Lego Movie 2: The Second Part",192456290,2019,68,84,"PG",93
"Weathering with You",193353305,2019,96,92,"PG-13",94
"Paranormal Activity",193355800,2009,57,83,"R",95
"The Monkey King 2",193678298,2016,52,100,"",96
"Gangs of New York",193772504,2002,81,72,"R",97
"The Sum of All Fears",193921372,2002,49,59,"PG-13",98
"Gnomeo & Juliet",193967670,2011,54,55,"G",99
"Wallace & Gromit: The Curse of the Were-Rabbit",194137091,2005,79,95,"",100
"The Intern",194564672,2015,73,59,"PG-13",101
"Downton Abbey",194694725,2019,94,84,"PG",102
"The BFG",195243411,2016,57,74,"PG",103
"The Pelican Brief",195268056,1993,61,54,"PG-13",104
"Rocketman",195320400,2019,88,89,"R",105
"The Shape of Water",195333312,2017,72,92,"R",106
"Tropic Thunder",195702963,2008,71,82,"R",107
"Anger Management",195745823,2003,60,42,"PG-13",108
"The Vow",196114570,2012,63,31,"PG-13",109
"Beowulf",196393745,2007,50,71,"PG-13",110
"Stargate",196567262,1994,73,52,"PG-13",111
"The Other Woman",196710396,2014,57,26,"PG-13",112
"Panic Room",197079546,2002,64,76,"R",113
"Spy Kids 3: Game Over",197101678,2003,25,45,"PG",114
"Smurfs: The Lost Village",197183546,2017,55,40,"PG",116
"Jack the Giant Slayer",197687603,2013,55,52,"PG-13",117
"Christopher Robin",197744377,2018,83,72,"PG",118
"Lost in Thailand",197757387,2012,49,67,"",119
"The Impossible",198087212,2012,84,81,"PG-13",120
"The Island",198326350,2018,80,100,"",121
"Total Recall",198467168,2012,47,31,"PG-13",122
"50 First Dates",198520934,2004,65,45,"PG-13",123
"The Pacifier",198636868,2005,58,21,"PG",124
"City of Angels",198685114,1998,82,58,"PG-13",125
"RED",199006387,2010,72,71,"PG-13",127
"Two Weeks Notice",199043471,2002,59,42,"PG-13",128
"Percy Jackson: Sea of Monsters",199850315,2013,54,42,"PG",129
"The Hunt for Red October",200512643,1990,88,88,"PG",130
"Cats & Dogs",200687492,2001,32,53,"PG",131
"Open Season",200811689,2006,57,49,"PG",132
"Valkyrie",201545517,2008,65,62,"PG-13",133
"21 Jump Street",201585328,2012,82,85,"R",134
"Straight Outta Compton",201634991,2015,91,89,"R",135
"Kindergarten Cop",201957688,1990,52,53,"PG-13",136
"Teenage Mutant Ninja Turtles",202084756,1990,60,35,"PG",137
"Patch Adams",202292902,1998,73,22,"PG-13",138
"Garfield",203172417,2004,38,15,"PG",139
"Need for Speed",203277636,2014,57,22,"PG-13",140
"Arrival",203388186,2016,82,95,"PG-13",141
"Vanilla Sky",203388341,2001,72,43,"R",142
"Everest",203427584,2015,68,73,"PG-13",143
"Yogi Bear",203509374,2010,34,13,"PG",144
"King Arthur",203567857,2004,59,31,"PG-13",145
"Hairspray",203627753,2007,84,92,"PG",146
"DC League of Super-Pets",203857117,2022,88,73,"PG",147
"You Don't Mess with the Zohan",204313400,2008,45,37,"PG-13",148
"Ghostbusters: Afterlife",204334455,2021,94,63,"PG-13",149
"The Addams Family",204394183,2019,69,45,"PG",150
"Eat Pray Love",204594016,2010,42,36,"PG-13",151
"Fun with Dick and Jane",204681899,2005,49,29,"PG-13",152
"Ponyo",204826668,2008,83,91,"G",153
"A Dog's Purpose",205035819,2017,73,35,"PG",154
"Birds of Prey",205322941,2020,78,79,"R",155
"White House Down",205366737,2013,62,51,"PG-13",156
"JFK",205405498,1991,88,85,"R",157
"The Ugly Truth",205599393,2009,60,14,"R",158
"The Break-Up",205668210,2006,46,34,"PG-13",160
"London Has Fallen",205754447,2016,50,27,"R",161
"Raging Fire",205842393,2021,100,91,"",162
"The Jungle Book",205843612,1967,82,88,"G",163
"The Holiday",205850134,2006,80,51,"PG-13",164
"Sleepy Hollow",206071502,1999,80,70,"R",165
"The Conjuring: The Devil Made Me Do It",206401480,2021,83,55,"R",166
"Philadelphia",206678440,1993,89,81,"PG-13",167
"Paranormal Activity 3",207039844,2011,51,66,"R",168
"Traffic",207515725,2000,85,92,"R",169
"The Fast and the Furious",207517509,2001,74,53,"PG-13",170
"S.W.A.T.",207725639,2003,52,48,"PG-13",171
"Safe House",208076205,2012,63,53,"R",172
"Me Before You",208314186,2016,73,54,"PG-13",173
"Tomorrowland",209035668,2015,49,50,"PG",174
"Red Dragon",209196298,2002,74,69,"R",175
"Us and Them",209221380,2018,90,100,"",176
"Horrible Bosses",209838559,2011,70,69,"R",177
"The Others",209947037,2001,77,84,"PG-13",178
"Moonraker",210308099,1979,43,59,"PG",179
"District 9",210888950,2009,82,90,"R",180
"The Little Mermaid",211343479,1989,88,93,"G",182
"A Series of Unfortunate Events",211468235,2004,63,72,"PG",183
"Master and Commander: The Far Side of the World",211622535,2003,80,85,"PG-13",184
"Due Date",211780824,2010,52,39,"R",185
"Australia",211787511,2008,65,54,"PG-13",186
"Battle Los Angeles",211819354,2011,48,37,"PG-13",187
"Fury",211822697,2014,84,76,"R",188
"Bridget Jones's Baby",211952420,2016,65,78,"R",189
"End of Days",211989043,1999,32,11,"R",190
"Ace Ventura: When Nature Calls",212385533,1995,72,21,"PG-13",191
"Entrapment",212404396,1999,50,40,"PG-13",192
"Miss Congeniality",212742720,2000,69,41,"PG-13",193
"Bedtime Stories",212874864,2008,55,27,"PG",194
"Into the Woods",212902372,2014,49,71,"PG",195
"Braveheart",213216216,1995,85,75,"R",196
"Crouching Tiger, Hidden Dragon",213525736,2000,86,97,"PG-13",197
"The Aviator",213719942,2004,79,86,"PG-13",198
"Pulp Fiction",213928762,1994,96,92,"R",199
"Disclosure",214015089,1994,41,60,"R",200
"The Bourne Identity",214034224,2002,93,84,"PG-13",201
"Public Enemies",214104620,2009,59,68,"R",202
"Smallfoot",214115531,2018,62,76,"PG",203
"Creed II",214215889,2018,80,83,"PG-13",204
"Dirty Dancing",214577242,1987,90,71,"PG-13",205
"The Expendables 3",214657577,2014,48,31,"PG-13",206
"Just Go with It",214945591,2011,59,19,"PG-13",207
"The Sorcerer's Apprentice",215283742,2010,53,40,"PG",208
"The Patriot",215294342,2000,55,100,"",209
"Ghostbusters II",215394738,1989,61,55,"PG",210
"Vertical Limit",215663859,2000,41,48,"PG-13",211
"Ted 2",215863606,2015,50,44,"R",213
"One Hundred and One Dalmatians",215880014,1961,76,98,"G",214
"Clear and Present Danger",215887717,1994,74,80,"PG-13",215
"The Croods: A New Age",215905815,2020,94,77,"PG",216
"Smile",216135048,2022,77,80,"R",217
"Bad Teacher",216197492,2011,36,45,"R",218
"Valentine's Day",216528528,2010,47,18,"PG-13",219
"Twins",216614388,1988,39,42,"PG",220
"The Help",216639112,2011,89,76,"PG-13",221
"Million Dollar Baby",216763646,2004,90,90,"PG-13",222
"Central Intelligence",216972543,2016,62,71,"PG-13",223
"Dracula Untold",217124280,2014,58,25,"PG-13",224
"The Emoji Movie",217776646,2017,37,6,"PG",226
"Kingdom of Heaven",218122627,2005,72,39,"R",227
"Jack Reacher",218340595,2012,67,63,"PG-13",228
"The Prince of Egypt",218613188,1998,90,79,"PG",229
"Captain Phillips",218791811,2013,89,93,"PG-13",230
"Little Women",218843645,2019,92,95,"PG",231
"The Terminal",219100084,2004,74,61,"PG-13",232
"It's Complicated",219103655,2009,60,59,"R",233
"What Happens in Vegas",219375562,2008,37,25,"PG-13",234
"Green Lantern",219851172,2011,45,26,"PG-13",235
"Knocked Up",219922417,2007,83,89,"R",236
"Inferno",220021259,2016,36,23,"PG-13",237
"Collateral",220239925,2004,84,86,"R",238
"Scary Movie 3",220673217,2003,54,35,"PG-13",239
"Jungle Cruise",220889446,2021,92,63,"PG-13",240
"Presumed Innocent",221303188,1990,67,86,"R",241
"Geostorm",221600160,2017,35,17,"PG-13",242
"Wild Wild West",222104681,1999,28,16,"PG-13",244
"Fahrenheit 9/11",222446882,2004,70,82,"R",245
"Honey, I Shrunk the Kids",222724172,1989,54,78,"PG",246
"Non-Stop",222809600,2014,75,67,"",247
"Yes Man",223241637,2008,66,46,"PG-13",248
"Flightplan",223387299,2005,48,37,"PG-13",249
"Interview with the Vampire",223664608,1994,86,64,"R",250
"Con Air",224012234,1997,75,58,"R",251
"Chicken Run",224874811,2000,65,97,"G",252
"The Social Network",224920375,2010,87,96,"PG-13",253
"Jumper",225132113,2008,44,15,"PG-13",254
"Ford v Ferrari",225508210,2019,98,92,"PG-13",255
"Better Days",225918798,2019,97,97,"",256
"Good Will Hunting",225933435,1997,94,97,"R",257
"Valerian and the City of a Thousand Planets",225973340,2017,53,48,"PG-13",258
"Elf",226268933,2003,79,85,"PG",259
"Hansel & Gretel: Witch Hunters",226349749,2013,53,16,"R",260
"Lightyear",226425420,2022,84,74,"PG",261
"Percy Jackson & the Olympians: The Lightning Thief",226497209,2010,53,49,"PG",262
"Taken",226837760,2008,85,59,"PG-13",263
"Immortals",226904017,2011,49,49,"R",264
"Baby Driver",226945087,2017,86,92,"R",265
"Youth",227091290,2017,87,81,"",266
"Out of Africa",227514205,1985,82,61,"PG",267
"The Green Hornet",227817248,2011,43,44,"PG-13",268
"Lethal Weapon 2",227853986,1989,77,82,"R",269
"Sleepless in Seattle",227927165,1993,75,75,"PG",270
"Paddington 2",227994792,2017,88,99,"PG",271
"Ghost Rider",228738393,2007,47,27,"PG-13",273
"Ghostbusters",229147509,2016,49,73,"PG-13",274
"The Heat",229930771,2013,71,66,"R",275
"Life Is Beautiful",230098753,1998,96,81,"PG-13",276
"Space Jam",230594962,1996,63,43,"PG",277
"Get Smart",230685453,2008,67,51,"PG-13",278
"Constantine",230884728,2005,72,46,"R",279
"Annabelle Comes Home",231252591,2019,70,64,"R",280
"Sister Act",231605150,1992,65,74,"PG",281
"The English Patient",231976425,1996,83,86,"R",282
"Mr. Bean's Holiday",232225908,2007,49,51,"G",283
"Argo",232325503,2012,90,96,"R",284
"Juno",232372681,2007,88,94,"PG-13",285
"The Girl with the Dragon Tattoo",232617430,2011,86,86,"R",286
"American Wedding",232722935,2003,63,53,"R",287
"The Day the Earth Stood Still",233093859,2008,27,20,"PG-13",288
"Cruella",233503234,2021,97,75,"PG-13",289
"The Imitation Game",233555708,2014,91,90,"PG-13",290
"Alvin and the Chipmunks: The Road Chip",234798636,2015,51,15,"PG",291
"Big Daddy",234801895,1999,74,39,"PG-13",292
"American Reunion",234989584,2012,63,45,"R",293
"American Pie",235483004,1999,61,61,"R",294
"Spy",235666219,2015,78,95,"R",295
"Dead Poets Society",235860116,1989,92,84,"PG",296
"A.I. Artificial Intelligence",235926552,2001,64,75,"PG-13",297
"Hidden Figures",235956898,2016,93,93,"PG",298
"2 Fast 2 Furious",236350661,2003,50,36,"PG-13",299
"Silver Linings Playbook",236412453,2012,86,92,"R",300
"Saturday Night Fever",237113184,1977,71,83,"R",301
"Gone in 60 Seconds",237202299,2000,77,25,"PG-13",302
"Gulliver's Travels",237382724,2010,27,20,"PG",303
"Howl's Moving Castle",237536126,2004,93,87,"PG",304
"Batman & Robin",238235719,1997,16,12,"PG-13",305
"Crazy Rich Asians",238843729,2018,76,91,"PG-13",306
"Planes",239258712,2013,49,25,"PG",307
"Bullet Train",239268602,2022,76,54,"R",308
"Crocodile Dundee II",239606210,1988,38,9,"PG",309
"Die Hard 2",240031274,1990,70,69,"R",310
"Resident Evil: Retribution",240159255,2012,51,28,"R",311
"Click",240685326,2006,66,34,"PG-13",312
"Assassin's Creed",240697856,2016,42,19,"PG-13",313
"Sully",240797623,2016,84,85,"PG-13",314
"Alien: Covenant",240891763,2017,55,65,"R",315
"Eraser",242295562,1996,39,42,"R",316
"RoboCop",242688965,2014,49,49,"PG-13",317
"Daddy's Home",242786137,2015,49,30,"PG-13",318
"8 Mile",242875078,2002,54,75,"R",319
"Cloudy with a Chance of Meatballs",243006126,2009,72,86,"PG",320
"Few Good Men",243240178,1992,89,83,"R",321
"After Earth",243611982,2013,36,12,"PG-13",322
"Journey to the Center of the Earth",244232688,2008,51,61,"PG",323
"Rush Hour",244721064,1998,78,61,"PG-13",324
"Hercules",244819862,2014,33,5,"PG-13",325
"Pixels",244874809,2015,46,18,"PG-13",326
"Back to the Future III",245077583,1990,78,80,"PG",327
"Welcome to the Sticks",245144417,2008,78,67,"",328
"Hulk",245285165,2003,29,62,"PG-13",329
"Dark Shadows",245527149,2012,46,35,"PG-13",330
"Teenage Mutant Ninja Turtles: Out of the Shadows",245623848,2016,46,37,"PG-13",331
"Face/Off",245676146,1997,82,92,"R",332
"Four Weddings and a Funeral",245700832,1994,74,96,"R",333
"Rango",245724603,2011,70,88,"PG",334
"The Peanuts Movie",246233113,2015,76,87,"G",335
"Grown Ups 2",246984278,2013,53,8,"PG-13",336
"Glass",246999039,2019,67,36,"PG-13",337
"Love Actually",247248468,2003,72,64,"R",338
"Dumb and Dumber",247290327,1994,84,68,"PG-13",339
"Journey to the West: The Demons Strike Back",247585244,2017,49,58,"PG-13",340
"Unbreakable",248118121,2000,77,70,"PG-13",341
"The Blair Witch Project",248639099,1999,56,86,"R",342
"The Ring",249348933,2002,48,71,"PG-13",343
"The Bad Guys",250162278,2022,93,88,"PG",344
"The Mask of Zorro",250288523,1998,73,83,"PG-13",345
"The Godfather",250341816,1972,98,97,"R",346
"Brother Bear",250397798,2003,65,37,"G",347
"Eragon",250425512,2006,46,16,"PG",348
"You've Got Mail",250821495,1998,73,70,"PG",349
"Enemy of the State",250849789,1998,78,70,"R",350
"American Hustle",251171807,2013,74,92,"R",351
"Bean",251212670,1997,53,44,"PG-13",352
"Dolittle",251410631,2020,76,15,"PG",353
"True Grit",252276927,2010,85,95,"PG-13",354
"X-Men: Dark Phoenix",252442974,2019,64,22,"PG-13",355
"Hercules",252712101,1997,76,84,"G",356
"High School Musical 3: Senior Year",252909177,2008,72,64,"G",357
"Wild Hogs",253625427,2007,61,14,"PG-13",358
"Men in Black: International",253890701,2019,66,23,"PG-13",359
"Babe",254134910,1995,67,97,"G",360
"Baahubali 2: The Conclusion",254158390,2017,86,87,"",361
"Cliffhanger",255000211,1993,52,67,"R",362
"Marley & Me",255743093,2008,75,63,"PG",363
"Get Out",255745157,2016,86,98,"R",364
"Us",256067149,2019,60,93,"R",365
"Erin Brockovich",256271286,2000,81,85,"R",366
"Lost in Hong Kong",256283912,2015,49,60,"",367
"Encanto",256786742,2021,93,91,"PG",368
"Annabelle",257589721,2014,35,28,"R",369
"Kung Fu Yoga",257753889,2017,32,48,"",370
"The Full Monty",257938649,1997,79,96,"R",371
"Rush Hour 3",258097122,2007,63,17,"PG-13",372
"Charlie's Angels: Full Throttle",259175788,2003,40,41,"PG-13",373
"Mojin: The Lost Legend",259368448,2015,56,56,"",374
"Halloween",259939835,2018,71,79,"R",375
"Super 8",260095986,2011,75,81,"PG-13",376
"The Lone Ranger",260502115,2013,51,31,"PG-13",377
"Terminator: Dark Fate",261119292,2019,82,70,"R",378
"Michael Jackson This Is It",261183588,2009,82,81,"PG",379
"Total Recall",261317921,1990,79,83,"R",380
"Knight and Day",261989769,2008,49,52,"PG-13",381
"Robots",262511490,2005,54,64,"PG",382
"Borat",262552893,2006,79,90,"R",383
"Parasite",262676096,2019,90,99,"R",384
"Jumanji",262821940,1995,87,76,"PG-13",385
"The Fifth Element",263920180,1997,86,71,"PG-13",386
"Charlie's Angels",264105545,2000,45,68,"PG-13",387
"The Truman Show",264118201,1998,89,95,"PG",388
"Waterworld",264218220,1995,43,45,"PG-13",389
"The Incredible Hulk",264770996,2008,69,67,"PG-13",390
"Bridget Jones: The Edge of Reason",265126918,2004,60,27,"R",391
"Something's Gotta Give",265328738,2003,69,72,"PG-13",392
"Indecent Proposal",266614059,1993,47,34,"R",393
"Batman Returns",266915287,1992,73,81,"PG-13",394
"The Princess and the Frog",267045765,2009,74,85,"G",395
"Bambi",267447150,1942,73,91,"G",396
"Blade Runner 2049",267770708,2017,81,88,"R",397
"Exodus: Gods and Kings",268175631,2014,35,30,"PG-13",398
"Epic",268426634,2013,65,64,"PG",399
"American Gangster",269755430,2007,89,81,"R",400
"10,000 BC",269784201,2008,37,9,"PG-13",401
"Gran Torino",269958228,2008,90,81,"R",402
"We're the Millers",269994119,2012,72,49,"R",403
"The Firm",270248367,1993,64,76,"R",404
"Neighbors",270665134,2014,63,73,"R",405
"Grown Ups",271457301,2010,62,11,"PG-13",406
"The Silence of the Lambs",272742922,1991,95,95,"R",407
"Lilo & Stitch",273144151,2002,77,87,"PG",408
"Bad Boys II",273339556,2003,78,23,"R",409
"Jerry Maguire",273552592,1996,79,84,"R",410
"The Nutty Professor",273961019,1996,44,64,"PG-13",411
"Cloudy with a Chance of Meatballs 2",274325949,2013,66,71,"PG",412
"The Expendables",274470394,2010,64,42,"R",413
"Tomb Raider",274650803,2018,55,53,"PG-13",414
"Lara Croft: Tomb Raider",274703340,2001,47,20,"PG-13",415
"Lincoln",275293450,2012,81,89,"PG-13",416
"Scooby-Doo",275678613,2002,39,32,"PG",417
"Mr. Peabody & Sherman",275698039,2014,73,81,"PG",418
"The Bourne Legacy",276144750,2012,58,55,"PG-13",419
"xXx",277448382,2002,58,48,"PG-13",420
"Scary Movie",278019771,2000,43,51,"R",421
"Split",278454417,2017,79,78,"PG-13",422
"The Tourist",278780441,2010,42,21,"PG-13",423
"Bridget Jones Diary",281995610,2001,81,80,"R",424
"Paddington",282377683,2014,80,97,"PG",425
"Turbo",282570682,2013,65,67,"PG",426
"John Carter",284139100,2012,60,52,"PG-13",427
"Lethal Weapon 4",285444603,1998,64,52,"R",428
"Elvis",286040048,2022,94,77,"PG-13",429
"Elysium",286140700,2013,58,64,"R",430
"Oblivion",286168572,2013,61,54,"PG-13",431
"The Green Mile",286801374,1999,94,79,"R",432
"Pitch Perfect 2",287144079,2015,64,65,"PG-13",433
"American Pie 2",287553595,2001,68,52,"R",434
"Casper",287928194,1995,49,51,"PG",435
"Maze Runner: The Death Cure",288175335,2018,58,43,"PG-13",436
"Wedding Crashers",288485135,2005,70,75,"R",437
"Coming to America",288752301,1988,85,73,"R",438
"Divergent",288885818,2014,69,41,"PG-13",439
"Shakespeare in Love",289317794,1998,80,92,"R",440
"Sex and the City 2",290745055,2010,43,15,"R",441
"The Bourne Supremacy",290835269,2004,90,82,"PG-13",442
"Pacific Rim: Uprising",290930148,2018,37,42,"PG-13",443
"What Lies Beneath",291420351,2000,58,47,"PG-13",444
"The Departed",291480452,2006,94,90,"R",445
"G-Force",292817898,2009,39,22,"PG",446
"Salt",293503354,2010,59,62,"PG-13",447
"Bee Movie",293514336,2007,53,49,"PG",448
"Doctor Dolittle",294456605,1998,57,29,"G",449
"Shutter Island",294805697,2010,77,68,"R",450
"Ferdinand",296069199,2017,52,71,"PG",451
"X-Men",296339528,2000,83,82,"PG-13",452
"Miss Peregrine's Home for Peculiar Children",296482446,2016,60,64,"PG-13",453
"Ghostbusters",296578797,1984,88,95,"PG",454
"Austin Powers in Goldmember",296938801,2002,44,53,"PG-13",455
"Look Who's Talking",296999813,1989,47,55,"PG-13",456
"The Divergent Series: Insurgent",297002527,2015,58,28,"PG-13",457
"A Quiet Place Part II",297372261,2021,92,91,"PG-13",458
"Ocean's Eight",297795726,2018,45,68,"PG-13",459
"Horton Hears a Who!",298572799,2008,73,80,"G",460
"Real Steel",299268508,2011,73,60,"PG-13",461
"My Best Friend's Wedding",299288605,1997,73,73,"PG-13",462
"Alice Through the Looking Glass",299820798,2016,48,29,"PG",463
"Beverly Hills Cop II",299965036,1987,57,46,"R",464
"Stuart Little",300135367,1999,41,67,"PG",465
"Van Helsing",300157638,2004,57,24,"PG-13",466
"Resident Evil: Afterlife",300228084,2010,48,21,"R",467
"Rambo: First Blood Part II",300400432,1985,60,33,"R",468
"Rocky IV",300473716,1985,78,37,"PG",469
"Superman",300478449,1978,86,93,"PG",470
"Hook",300854823,1991,76,29,"PG",471
"Fantastic Four: Rise of the Silver Surfer",301913131,2007,51,37,"PG",472
"Wrath of the Titans",301970083,2012,49,26,"PG-13",473
"G.I. Joe: The Rise of Cobra",302469017,2009,50,33,"PG-13",474
"Liar Liar",302710615,1997,75,83,"PG-13",475
"Battleship",303025485,2012,54,33,"PG-13",476
"Passengers",303144152,2016,63,30,"PG-13",477
"Dangal",303723636,2016,93,88,"",478
"Mulan",304320254,1998,85,86,"G",479
"A Good Day to Die Hard",304654182,2013,40,15,"R",480
"Skyscraper",304868961,2018,68,48,"PG-13",481
"Bridesmaids",306442085,2011,76,89,"R",482
"Annabelle: Creation",306515884,2017,67,70,"R",483
"Chicago",306776732,2002,83,86,"PG-13",484
"Close Encounters of the Third Kind",306889114,1977,85,94,"PG",485
"Rise of the Guardians",306941670,2012,80,74,"PG",486
"The Pursuit of Happyness",307127625,2006,87,67,"PG-13",487
"The Fault in Our Stars",307166834,2014,85,81,"PG-13",488
"The Blind Side",309231694,2009,85,66,"PG-13",489
"Runaway Bride",309460292,1999,53,46,"PG",490
"Ransom",309492681,1996,62,74,"R",491
"Bolt",309979994,2008,74,90,"PG",492
"Little Fockers",310650585,2010,34,9,"PG-13",493
"Ocean's Thirteen",311312624,2007,75,70,"PG-13",494
"Austin Powers: The Spy Who Shagged Me",312016928,1999,71,53,"PG-13",495
"The Lego Batman Movie",312136671,2017,80,90,"PG",496
"Resident Evil: The Final Chapter",312242626,2016,47,37,"R",497
"Maze Runner: The Scorch Trials",312296056,2015,54,48,"PG-13",498
"Knives Out",312897920,2019,92,97,"PG-13",499
"As Good as It Gets",314178011,1997,86,85,"PG-13",500
"Chicken Little",314432837,2005,46,36,"G",501
"The Expendables 2",314975955,2012,67,67,"R",502
"Wonder",315025930,2017,88,85,"PG",503
"Air Force One",315156409,1997,66,79,"R",504
"Polar Express",316061405,2004,64,56,"G",505
"Beverly Hills Cop",316360478,1984,82,83,"R",506
"A Beautiful Mind",316791257,2001,93,74,"PG-13",507
"The Proposal",317375031,2009,68,45,"PG-13",508
"Last Airbender",319713881,2010,30,5,"PG",509
"Sonic the Hedgehog 2020",319715683,2020,93,63,"PG",510
"Fatal Attraction",320145693,1987,72,75,"R",511
"The Conjuring",320406242,2013,83,86,"R",512
"101 Dalmatians",320689294,1996,76,98,"G",513
"Inglourious Basterds",321457747,2009,88,89,"R",514
"Robin Hood",321669741,2010,58,43,"PG-13",515
"Lethal Weapon 3",321731527,1992,61,58,"R",516
"Green Book",321752656,2018,91,77,"PG-13",517
"The Conjuring 2",321834351,2016,81,80,"R",518
"Megamind",321885765,2010,72,72,"PG",519
"Schindler's List",322161245,1993,97,98,"R",520
"The SpongeBob Movie: Sponge Out of Water",325186032,2015,54,81,"PG",521
"The Hunchback of Notre Dame",325338851,1996,70,72,"G",522
"Taken 3",326479141,2015,43,13,"PG-13",523
"The Devil Wears Prada",326706115,2006,76,75,"PG-13",524
"Seven",327333559,1995,95,82,"R",525
"Crocodile Dundee",328203506,1986,59,89,"PG-13",526
"John Wick: Chapter 3 - Parabellum",328349387,2019,86,89,"R",527
"The Perfect Storm",328718434,2000,63,46,"PG-13",528
"Black Swan",329398046,2010,73,83,"",529
"Who Framed Roger Rabbit",329803958,1988,85,97,"PG",530
"Meet the Parents",330444045,2000,79,84,"PG-13",531
"22 Jump Street",331333876,2014,77,84,"R",532
"Free Guy",331526598,2021,94,80,"PG-13",533
"The Good Dinosaur",332207671,2015,64,75,"PG",534
"Back to the Future 2",332500002,1989,85,63,"PG",535
"Tomorrow Never Dies",333011068,1997,53,56,"PG-13",536
"Indiana Jones and the Temple of Doom",333107271,1984,82,83,"PG",537
"Fantastic Four",333535934,2005,45,28,"PG-13",538
"Now You See Me 2",334897606,2016,53,34,"PG-13",539
"The Great Wall",334933831,2016,42,35,"PG-13",540
"The Rock",335062621,1996,85,68,"R",541
"Journey 2: The Mysterious Island",335287748,2012,59,45,"PG",542
"Curious Case of Benjamin Button",335802786,2008,80,71,"PG-13",543
"Prince of Persia: Sands of Time",336365676,2009,58,37,"PG-13",544
"Batman Forever",336567158,1995,32,39,"PG-13",545
"300: Rise of an Empire",337580051,2014,51,45,"R",546
"Over the Hedge",339795890,2006,71,75,"PG",547
"Enchanted",340487836,2007,80,93,"PG",548
"A Quiet Place",340952971,2018,83,96,"PG-13",549
"The Flintstones",341631208,1994,24,21,"PG",550
"Wanted",342463063,2008,69,71,"R",551
"Alvin and the Chipmunks: Chipwrecked",342695435,2011,51,12,"G",552
"Star Trek Beyond",343471816,2016,80,86,"PG-13",553
"How the Grinch Stole Christmas",345823032,2000,56,49,"PG",554
"Pocahontas",346079773,1995,64,55,"G",555
"xXx: Return of Xander Cage",346118277,2017,37,45,"PG-13",556
"Trolls",347182886,2016,67,75,"PG",557
"Rush Hour 2",347325802,2001,74,51,"PG-13",558
"National Treasure",347512318,2004,76,46,"PG",559
"The Smurfs 2",347545360,2013,56,14,"PG",560
"The Maze Runner",348319861,2014,68,65,"PG-13",561
"The Lorax",349183316,2012,63,54,"PG",562
"Deep Impact",349464664,1998,43,46,"PG-13",563
"Mary Poppins Returns",349546142,2018,65,80,"PG",564
"Dinosaur",349822765,2000,48,64,"PG",565
"Speed",350448145,1994,76,94,"R",566
"Peter Rabbit",351496066,2018,56,63,"PG",567
"The Mask",351583407,1994,68,80,"PG-13",568
"Hannibal",351692268,2001,62,39,"R",569
"Now You See Me",351723989,2013,70,50,"PG-13",570
"Catch Me If You Can",352114312,2002,89,96,"PG-13",571
"GoldenEye",352194034,1995,83,80,"PG-13",572
"The Angry Birds Movie",352333929,2016,46,43,"PG",573
"X Men: First Class",352616690,2011,87,86,"PG-13",574
"Murder on the Orient Express",352794081,2017,78,90,"PG",575
"Basic Instinct",352927224,1992,63,57,"R",576
"I, Robot",353133898,2004,70,56,"PG-13",577
"Dumbo",353284621,2019,70,98,"G",578
"The Great Gatsby",353659851,2013,67,48,"PG-13",579
"Rain Man",354825435,1988,90,89,"R",580
"Apollo 13",355237933,1995,87,96,"PG",581
"Spirited Away",355822319,2001,96,97,"PG",582
"American Beauty",356296601,1999,93,87,"R",583
"The Legend of Tarzan",356700357,2016,58,35,"PG-13",584
"Top Gun",357288178,1986,83,58,"PG",585
"Minority Report",358372926,2002,80,90,"PG-13",586
"Hotel Transylvania",358375603,2012,72,44,"PG",587
"Home Alone 2: Lost in New York",358994850,1992,62,35,"PG",588
"Karate Kid",359126022,2010,82,89,"PG",589
"Noah",359200044,2014,41,75,"PG-13",590
"Fast & Furious",360366870,2009,67,28,"PG-13",591
"Monster Hunt 2",361682618,2018,52,50,"",592
"World Is Not Enough",361832400,1999,49,51,"PG-13",593
"The Hangover Part III",362000072,2013,44,20,"R",594
"Planet of the Apes",362211740,2001,27,44,"PG-13",595
"Ocean's Twelve",362744280,2004,60,55,"PG-13",596
"Night at the Museum: Secret of the Tomb",363204635,2014,57,47,"PG",597
"A Bug's Life",363258859,1998,72,92,"G",598
"Notting Hill",363889678,1999,79,84,"PG-13",599
"Tenet",365294355,2020,76,69,"PG-13",600
"The Nun",365582797,2018,35,25,"R",601
"Shazam!",366080049,2019,82,90,"PG-13",602
"Die Hard with a Vengeance",366101666,1995,83,58,"R",603
"My Big Fat Greek Wedding",368744044,2002,73,76,"PG",604
"Jurassic Park III",368780809,2001,36,49,"PG-13",605
"The Fugitive",368875760,1993,89,96,"PG-13",606
"Gone Girl",369330363,2014,87,88,"R",607
"There's Something About Mary",369884651,1998,61,83,"R",608
"Edge of Tomorrow",370541256,2014,90,91,"PG-13",609
"Captain America: The First Avenger",370569774,2011,75,79,"PG-13",610
"Terminator Salvation",371353001,2009,53,33,"PG-13",611
"Hitch",371594210,2005,62,69,"PG-13",612
"Fifty Shades Freed",371985018,2018,37,11,"R",613
"The Golden Compass",372234864,2007,51,43,"PG-13",614
"Wolverine",373062864,2009,58,38,"PG-13",615
"Penguins of Madagascar",373515621,2014,63,74,"PG",616
"Batman Begins",373672993,2005,94,84,"PG-13",617
"The Adventures of Tintin",373993951,2011,74,74,"PG",618
"What Women Want",374111707,2000,54,54,"PG-13",619
"Shark Tale",374583879,2004,44,35,"PG",620
"G.I. Joe: Retaliation",375740705,2013,48,28,"PG-13",621
"Taken 2",376152455,2012,52,22,"PG-13",622
"Once Upon a Time in Hollywood",377617598,2019,70,85,"R",623
"Slumdog Millionaire",378410542,2008,90,91,"R",624
"True Lies",378882411,1994,76,70,"R",625
"Godzilla",379014294,1998,28,16,"PG-13",626
"Black Widow",379751655,2021,91,79,"PG-13",627
"Monsters vs. Aliens",381509870,2009,59,74,"PG",628
"Fifty Shades Darker",381545846,2017,48,11,"R",629
"Ice Age",383257136,2002,82,77,"PG",630
"Back to the Future",383336762,1985,94,97,"PG",631
"Cars 3",383930656,2017,69,69,"G",632
"Spider-Man: Into the Spider-Verse",384256930,2018,93,97,"PG",633
"Happy Feet",384336108,2006,70,76,"PG",634
"1917 2019",384576334,2019,88,89,"R",635
"Star Trek",385680446,2009,91,94,"PG-13",636
"Home",386041607,2015,64,52,"PG",637
"Godzilla: King of the Monsters",386600138,2019,73,83,"",638
"Monster Hunt",387053506,2015,50,66,"",639
"Live Free or Die Hard",388156011,2007,86,82,"PG-13",640
"Black Adam",389642000,2022,89,39,"PG-13",641
"Independence Day: Resurgence",389681935,2016,30,29,"PG-13",642
"Indiana Jones and the Raiders of the Lost Ark",389925971,1981,96,96,"PG",643
"Robin Hood: Prince of Thieves",390493908,1991,72,51,"PG-13",644
"Superman Returns",391081192,2006,61,74,"PG-13",645
"Solo: A Star Wars Story",392924807,2018,64,69,"PG-13",646
"Toy Story",394436586,1995,92,100,"G",647
"Grease",396271103,1978,87,76,"PG",648
"Snow White and the Huntsman",396592829,2012,52,49,"PG-13",649
"Mission: Impossible 3",398479497,2006,69,71,"PG-13",650
"Tron: Legacy",400063852,2010,63,51,"PG",651
"Uncharted",401748820,2022,90,41,"PG-13",652
"Dune",401847900,2021,90,83,"PG-13",653
"Eternals",402064899,2021,77,47,"PG-13",654
"Mamma Mia! Here We Go Again",402264843,2018,66,79,"PG-13",655
"Gone with the Wind",402382193,1939,92,90,"G",656
"Sonic the Hedgehog 2",402656846,2022,96,69,"PG",657
"Prometheus",403354469,2012,68,73,"R",658
"Mummy: Tomb of the Dragon Emperor",403449830,2008,30,13,"PG-13",659
"Alita: Battle Angel",404980543,2019,92,61,"PG-13",660
"Fantastic Beasts: The Secrets of Dumbledore",405161334,2022,83,46,"PG-13",661
"The Wolf of Wall Street",406878233,2013,83,80,"R",662
"Sing 2",407511469,2021,98,71,"PG",663
"X2: X-Men United",407711549,2003,85,85,"PG-13",664
"Signs",408247917,2002,67,75,"PG-13",665
"Twilight",408430415,2008,72,49,"PG-13",666
"Ice Age: Collision Course",408754975,2016,39,18,"PG",667
"The Mummy 2017",409231607,2017,35,15,"PG-13",668
"Kingsman: The Golden Circle",410902662,2017,64,50,"R",669
"Pacific Rim 2013",411002906,2013,77,72,"PG-13",670
"The Bodyguard",411046449,1992,64,38,"R",671
"Batman",411569241,1989,84,73,"PG-13",672
"Night at the Museum 2",413106170,2009,47,44,"PG",673
"Kingsman: The Secret Service",414351546,2015,84,75,"R",674
"The Wolverine 2012",414828246,2013,69,71,"PG-13",675
"Mad Max: Fury Road",415261382,2015,86,97,"R",676
"Jason Bourne",415484914,2016,55,54,"PG-13",677
"Chronicles of Narnia: The Voyage of the Dawn Treader",415686217,2010,58,50,"PG",678
"The Captain 2019",417282021,2019,96,75,"",679
"Sex and the City",418765519,2008,77,49,"R",680
"Chronicles of Narnia: Prince Caspian",419665568,2008,73,66,"PG",681
"Dances with Wolves",424208848,1990,87,87,"PG-13",682
"Beauty and the Beast",424967620,1991,91,94,"G",683
"Django Unchained",426074373,2012,92,87,"R",684
"Bad Boys for Life",426505244,2020,96,76,"R",685
"The Intouchables",426588510,2011,93,76,"R",686
"The Matrix Revolutions",427344325,2003,60,34,"R",687
"The King's Speech",427374317,2010,92,94,"R",688
"Rampage",428028233,2018,72,51,"PG-13",689
"Cast Away",429632142,2000,84,89,"PG-13",690
"The Secret Life of Pets 2",431058056,2019,90,60,"PG",691
"Die Another Day",431971116,2002,41,55,"PG-13",692
"Shang Chi and the Legend of the Ten Rings",432243292,2021,98,91,"PG-13",693
"Pokemon Detective Pikachu",433230304,2019,79,68,"PG",694
"Terminator 3: Rise of the Machines",433371112,2003,46,69,"R",695
"The Greatest Showman",435732529,2017,86,56,"PG",696
"A Star Is Born",436233122,2018,80,90,"R",697
"Warcraft",439048914,2016,76,29,"PG-13",698
"Terminator Genisys",440603537,2015,52,26,"PG-13",699
"Mrs. Doubtfire",441286195,1993,77,70,"PG",700
"The Exorcist",441306145,1973,87,84,"R",701
"Les Miserables 2012",442299309,2012,79,69,"PG-13",702
"Alvin and the Chipmunks: The Squeakquel",443140005,2009,49,21,"PG",703
"Mummy Returns",443280904,2001,63,47,"PG-13",704
"Bourne Ultimatum",444100035,2007,91,92,"PG-13",705
"Men in Black II",445135288,2002,45,38,"PG-13",706
"Tarzan",448191819,1999,75,89,"G",707
"Pearl Harbor",449220945,2001,66,24,"PG-13",708
"Thor",449326618,2011,76,77,"PG-13",709
"Ocean's Eleven",450717150,2001,80,83,"PG-13",710
"Dying to Survive",451183391,2018,92,86,"",711
"Demon Slayer the Movie: Mugen Train",453210959,2020,99,98,"R",712
"Last Samurai",454627263,2003,83,66,"R",713
"300",456082343,2007,89,61,"R",714
"Mission: Impossible",457696391,1996,71,66,"PG-13",715
"National Treasure: Book of Secrets",459242249,2007,67,36,"PG",716
"X Men 3: The Last Stand",460435291,2006,61,57,"PG-13",717
"The Eight Hundred",461421559,2020,76,88,"",718
"Cars",461991867,2006,79,74,"G",719
"Pretty Woman",463406268,1990,68,66,"R",720
"Gladiator",465380802,2000,87,79,"R",721
"The Matrix",467222728,1999,85,88,"R",722
"Star Trek Into Darkness",467365246,2013,89,84,"PG-13",723
"Bumblebee",467989645,2018,74,91,"PG-13",724
"The Lego Movie",468266122,2014,87,96,"PG",725
"Lucy",469058574,2014,47,66,"R",726
"The Hangover",469328079,2009,84,79,"R",727
"Godzilla vs. Kong",470067014,2021,91,75,"PG-13",728
"Wreck It Ralph",471222889,2012,86,87,"PG",729
"La La Land",471227161,2016,81,91,"PG-13",730
"It Chapter Two",473122525,2019,78,62,"R",731
"San Andreas",474009154,2015,52,48,"PG-13",732
"Indiana Jones and the Last Crusade",474171806,1989,94,88,"PG-13",733
"Charlie and the Chocolate Factory",474968763,2005,51,83,"PG",734
"Star Wars: Episode VI - Return of the Jedi",475106177,1983,94,83,"PG",735
"Hotel Transylvania 2",475186706,2015,63,55,"PG",736
"Jaws",476512065,1975,90,97,"PG",737
"Home Alone",476684675,1990,80,66,"PG",738
"Rise of the Planet of the Apes",481800873,2011,77,82,"PG-13",739
"Saving Private Ryan",482349603,1998,95,94,"R",740
"Rio",483866518,2011,71,72,"G",741
"Bruce Almighty",484592874,2003,57,48,"PG-13",742
"Teenage Mutant Ninja Turtles",485004754,2014,60,35,"PG",743
"Angels & Demons",485930816,2009,57,37,"PG-13",744
"Mr. & Mrs. Smith",487287646,2005,58,59,"PG-13",745
"Shrek",488351320,2001,90,88,"PG",746
"War for the Planet of the Apes",490719763,2017,84,94,"PG-13",747
"Maleficent: Mistress of Evil",491730089,2019,95,39,"PG",748
"Clash of the Titans",493214993,2010,70,63,"PG",749
"Oz the Great and Powerful",493311825,2013,56,56,"PG",750
"Twister",494580615,1996,58,63,"PG-13",751
"How to Train Your Dragon",494879471,2010,91,99,"PG",752
"Toy Story 2",497375381,1999,87,100,"G",753
"Troy",497409852,2004,73,53,"R",754
"Rio 2",498781117,2014,58,48,"G",755
"Aladdin",504050219,1992,94,57,"PG",756
"Ghost",505703557,1990,80,75,"PG-13",757
"Venom: Let There Be Carnage",506863592,2021,84,57,"PG-13",758
"The Grinch",513540357,2018,51,59,"PG",759
"Ant-Man",519311965,2015,85,83,"PG-13",760
"Terminator 2: Judgment Day",520881154,1991,95,93,"R",761
"Kung Fu Panda 3",521170825,2016,78,86,"PG",762
"WALL E",521311890,2008,90,95,"G",763
"Meet the Fockers",522657936,2004,58,38,"PG-13",764
"Sherlock Holmes",524028679,2009,77,69,"PG-13",765
"How to Train Your Dragon: The Hidden World",524580592,2019,86,90,"PG",766
"Godzilla",524976069,2014,28,16,"PG-13",767
"Dunkirk",527016307,2017,71,60,"",768
"The Boss Baby",527965936,2017,51,53,"PG",769
"Hotel Transylvania 3: Summer Vacation",528583774,2018,48,62,"PG",770
"Ralph Breaks the Internet",529323962,2018,64,88,"PG",771
"The Meg",530517320,2018,42,46,"PG-13",772
"The Revenant 2015",532950503,2015,84,78,"R",773
"Simpsons Movie",536414293,2007,77,87,"PG-13",774
"Star Wars: The Empire Strikes Back",538375067,1980,97,94,"PG",775
"Brave",538983207,2012,75,79,"PG",776
"World War Z",540455876,2013,72,66,"PG-13",777
"Madagascar",542063846,2005,66,55,"PG",778
"Cinderella",542358331,2015,80,97,"G",779
"Despicable Me",543157985,2010,83,80,"PG",780
"Sherlock Holmes: A Game of Shadows",543848418,2011,77,59,"PG-13",781
"X Men: Apocalypse",543934105,2016,65,47,"PG-13",782
"Detective Chinatown 2",544185156,2018,66,54,"R",783
"Mission: Impossible II",546388108,2000,42,56,"PG-13",784
"American Sniper",547459020,2014,84,72,"R",785
"Ted",549368315,2012,73,69,"R",786
"Day After Tomorrow",552639571,2004,50,45,"PG-13",787
"Armageddon",553709788,1998,73,37,"PG-13",788
"The Mermaid",553810228,2016,60,95,"R",789
"Puss in Boots",554987477,2011,67,86,"PG",790
"King Kong",556906378,2005,50,84,"PG-13",791
"Cars 2",559852396,2011,49,39,"G",792
"The Smurfs",563749323,2011,43,21,"PG",793
"Kong: Skull Island",566652812,2017,69,75,"PG-13",794
"Fifty Shades of Grey",569651467,2015,41,24,"R",795
"Night at the Museum",574481229,2006,67,43,"PG",796
"Operation Red Sea",579330426,2018,64,80,"",797
"Monsters, Inc.",579707738,2001,90,96,"G",798
"Ready Player One",582918849,2018,77,72,"PG-13",799
"I Am Legend",585410052,2007,68,68,"PG-13",800
"Iron Man",585796247,2008,91,94,"PG-13",801
"The Hangover Part II",586764305,2011,52,34,"R",802
"The Croods",587235983,2013,77,71,"PG",803
"Men in Black",589390539,1997,80,91,"PG-13",804
"Quantum of Solace",589580482,2008,58,64,"PG-13",805
"Tangled",592462816,2010,87,89,"PG",806
"War of the Worlds",603873119,2005,42,75,"PG-13",807
"Madagascar: Escape 2 Africa",603900354,2008,66,64,"PG",808
"Transformers: The Last Knight",605425157,2017,43,16,"PG-13",809
"Life of Pi",609016565,2012,84,86,"PG",810
"Passion of the Christ",612054506,2004,80,49,"R",811
"Casino Royale",616504662,2006,90,94,"PG-13",812
"Lost World Jurassic Park",618638999,1997,51,54,"PG-13",813
"Logan 2017",619179950,2017,90,94,"R",814
"How to Train Your Dragon 2",621537519,2014,89,92,"PG",815
"Ant-Man and the Wasp",622674139,2018,80,87,"PG-13",816
"Ratatouille",623726085,2007,87,96,"G",817
"Iron Man 2",623933331,2010,71,71,"PG-13",818
"Fast Five",626137675,2011,83,78,"PG-13",819
"Hancock",629443428,2008,59,41,"PG-13",820
"The Martian",630620818,2015,91,91,"PG-13",821
"The Incredibles",631607053,2004,75,97,"PG",822
"Kung Fu Panda",632083197,2008,83,87,"PG",823
"Sing",634338384,2016,89,43,"PG-13",824
"Thor: The Dark World",644783140,2013,75,66,"PG-13",825
"The Hunger Games: Mockingjay - Part 2",653428261,2015,66,70,"PG-13",826
"Star Wars: Episode II - Attack of the Clones",653779970,2002,56,65,"PG",827
"Men in Black III",654213485,2012,70,67,"PG-13",828
"Pirates of the Caribbean: The Curse of the Black Pearl",654264015,2003,86,80,"PG-13",829
"Fantastic Beasts: The Crimes of Grindelwald",654855901,2018,54,36,"PG-13",830
"Big Hero 6",657869686,2014,91,90,"PG",831
"Zack Snyder's Justice League",657926987,2017,94,71,"R",832
"Moana",665069139,2016,89,95,"PG",833
"Kung Fu Panda the Kaboom of Doom",665692281,2011,74,80,"PG",834
"Ice Age 2",667094506,2006,71,57,"PG",835
"Man of Steel",668045518,2013,75,56,"PG-13",836
"Sixth Sense",672806432,1999,90,86,"PG-13",837
"Doctor Strange 2016",677796076,2016,86,89,"PG-13",838
"Forrest Gump",678226465,1994,95,71,"PG-13",839
"Mission: Impossible - Rogue Nation",682716636,2015,87,94,"PG-13",840
"The Hunger Games",694394724,2012,81,84,"PG-13",841
"Mamma Mia!",694476782,2008,66,55,"PG-13",842
"Mission: Impossible - Ghost Protocol",694713380,2011,76,93,"PG-13",843
"The Twilight Saga: Eclipse",698509825,2010,60,47,"PG-13",844
"The Wandering Earth",699992512,2019,48,70,"",845
"It 2017",701842551,2017,84,86,"R",846
"The Amazing Spider-Man 2",708982323,2014,64,51,"PG-13",847
"Transformers the Movie",709709780,2007,85,58,"PG-13",848
"Dawn of the Planet of the Apes",710644566,2014,88,91,"PG-13",849
"The Twilight Saga: New Moon",711025481,2009,61,29,"PG-13",850
"The Twilight Saga: Breaking Dawn - Part 1",712205856,2011,60,25,"PG-13",851
"Captain America: The Winter Soldier",714421503,2014,92,90,"PG-13",852
"F9",726229501,2021,82,59,"PG-13",853
"Ne Zha",726264074,2019,98,88,"",854
"Up",735099102,2009,90,98,"PG",855
"The Matrix Reloaded",741847937,2003,72,73,"R",856
"Monsters University",743559645,2013,81,80,"G",857
"Chronicles of Narnia Lion Witch Wardrobe",745013115,2005,61,76,"PG",858
"X-Men: Days of Future Past",746045700,2014,91,90,"PG-13",859
"Suicide Squad",746846894,2016,58,26,"PG-13",860
"Madagascar 3: Europe's Most Wanted",746921274,2012,72,78,"PG",861
"Gravity",748049949,2013,79,96,"PG-13",862
"Shrek Forever After",752600867,2010,54,57,"PG",863
"The Hunger Games: Mockingjay - Part 1",755356711,2014,71,69,"PG-13",864
"The Amazing Spider-Man",757930663,2012,77,71,"PG-13",865
"Maleficent",758411779,2014,70,54,"PG",866
"Da Vinci Code",760006945,2006,57,25,"PG-13",867
"Fast & Furious Presents: Hobbs & Shaw",760732926,2019,88,68,"PG-13",868
"Thor: Love and Thunder",760928081,2022,77,64,"PG-13",869
"The Batman",770836163,2022,87,85,"PG-13",870
"Black Panther: Wakanda Forever",772662471,2022,94,84,"PG-13",871
"Guardians of the Galaxy",773350147,2014,92,92,"PG-13",872
"Interstellar",773837686,2014,86,73,"PG-13",873
"No Time to Die",774153007,2021,88,83,"PG-13",874
"Star Wars: A New Hope",775398007,1977,96,93,"PG",875
"Deadpool",782836791,2016,90,85,"R",876
"Deadpool 2",785896609,2018,85,84,"R",877
"Fast & Furious 6",788680968,2013,84,70,"PG-13",878
"SpiderMan 2",788976453,2004,82,93,"PG-13",879
"Indiana Jones and the Kingdom of the Crystal Skull",790653942,2008,53,78,"PG-13",880
"2012",791217826,2009,47,39,"PG-13",881
"Mission: Impossible - Fallout",791657398,2018,88,97,"PG-13",882
"E.T. the ExtraTerrestrial",792910554,1982,72,99,"PG",883
"Pirates of the Caribbean: Dead Men Tell No Tales",794881442,2017,60,30,"PG-13",884
"Harry Potter and the Prisoner of Azkaban",797660766,2004,86,90,"PG",885
"Jumanji: The Next Level",801693929,2019,87,71,"PG-13",886
"Coco 2017",807817888,2017,94,97,"PG",887
"Shrek the Third",813367380,2007,52,41,"PG",888
"Fantastic Beasts and Where to Find Them",814044001,2016,79,74,"PG-13",889
"Independence Day",817400891,1996,75,67,"PG-13",890
"Hi, Mom",822009764,2021,56,73,"R",891
"Wonder Woman",822854286,2017,78,83,"PG-13",892
"Spider-Man",825025036,2002,67,90,"PG-13",893
"Transformers: Revenge of the Fallen",836303693,2009,57,20,"PG-13",894
"Inception",836848102,2010,91,87,"PG-13",895
"The Twilight Saga: Breaking Dawn - Part 2",848853382,2012,70,49,"PG-13",896
"Thor: Ragnarok",853983879,2017,87,93,"PG-13",897
"Venom 2018",856085151,2018,80,29,"PG-13",898
"Inside Out 2015",858848019,2015,89,98,"PG",899
"Guardians of the Galaxy Vol. 2",863756051,2017,87,85,"PG-13",900
"The Hunger Games: Catching Fire",865011746,2013,89,90,"PG-13",901
"Star Wars: Episode III - Revenge of the Sith",868390560,2005,66,79,"PG-13",902
"Wolf Warrior 2",870325439,2017,75,69,"",903
"Batman v Superman: Dawn of Justice",873637528,2016,63,29,"PG-13",904
"Ice Age: Continental Drift",877244782,2012,61,37,"PG",905
"Spider-Man: Homecoming",880166924,2017,87,92,"PG-13",906
"Spectre 2015",880705312,2015,61,63,"PG-13",907
"Ice Age: Dawn of the Dinosaurs",886686817,2009,63,46,"PG",908
"The Secret Life of Pets",894328469,2016,62,72,"PG",909
"SpiderMan 3",894983373,2007,51,63,"PG-13",910
"Harry Potter and the Goblet of Fire",896815106,2005,74,88,"PG-13",911
"The Lord of the Rings: The Fellowship of the Ring",898204420,2001,95,91,"PG-13",912
"The Battle at Lake Changjin",902548476,2021,100,36,"",913
"Bohemian Rhapsody",910809311,2018,85,60,"PG-13",914
"Harry Potter and the Chamber of Secrets",925054421,2002,80,82,"PG",915
"Shrek 2",928760770,2004,69,89,"PG",916
"Harry Potter and the Half-Blood Prince",934504700,2009,78,84,"PG",917
"Minions: The Rise of Gru",939433210,2022,89,70,"PG",918
"Finding Nemo",940352645,2003,86,99,"G",919
"Harry Potter and the Order of the Phoenix",942235757,2007,81,78,"PG-13",920
"The Lord of the Rings: The Two Towers",947944270,2002,95,95,"PG-13",921
"Doctor Strange in the Multiverse of Madness",955775804,2022,85,74,"PG-13",922
"The Hobbit: The Desolation of Smaug",959027992,2013,85,74,"PG-13",923
"Pirates of the Caribbean: At World's End",960996492,2007,72,44,"PG-13",924
"The Hobbit: The Battle of the Five Armies",962201338,2014,74,59,"PG-13",925
"The Jungle Book 2016",966554929,2016,86,94,"PG",926
"Despicable Me 2",970766005,2013,85,75,"PG",927
"Harry Potter and the Deathly Hallows: Part 1",977070383,2010,85,77,"PG-13",928
"Jumanji: Welcome to the Jungle",995339117,2017,87,76,"PG-13",929
"Jurassic World: Dominion",1001136080,2022,77,29,"PG-13",930
"The Dark Knight",1006234167,2008,94,94,"PG-13",931
"The Hobbit: An Unexpected Journey",1017030651,2012,83,64,"PG-13",932
"Harry Potter and the Sorcerer's Stone",1023842938,2001,82,81,"PG",933
"Alice in Wonderland",1025468216,2010,55,51,"PG",934
"Star Wars: Episode I - The Phantom Menace",1027082707,1999,59,51,"PG",935
"Finding Dory",1028570942,2016,84,94,"PG",936
"Despicable Me 3",1034800131,2017,53,59,"PG",937
"Zootopia",1042533689,2016,92,98,"PG",938
"Pirates of the Caribbean: On Stranger Tides",1045713802,2011,54,33,"PG-13",939
"Aladdin",1050693953,2019,94,57,"PG",940
"Rogue One: A Star Wars Story",1058682142,2016,87,84,"PG-13",941
"The Lion King",1063611805,1994,93,93,"G",942
"Pirates of the Caribbean: Dead Man's Chest",1066179747,2006,72,53,"PG-13",943
"Toy Story 3",1066970811,2010,90,98,"G",944
"Toy Story 4",1073394593,2019,94,97,"G",945
"Star Wars: The Rise of Skywalker",1074149279,2019,86,52,"PG-13",946
"Joker 2019",1074458282,2019,88,68,"R",947
"The Dark Knight Rises",1081169825,2012,90,87,"PG-13",948
"Transformers: Age of Extinction",1104054072,2014,50,17,"PG-13",949
"Skyfall",1108569499,2012,86,92,"PG-13",950
"Jurassic Park",1109802321,1993,91,91,"PG-13",951
"Transformers: Dark of the Moon",1123794079,2011,55,35,"PG-13",952
"Captain Marvel",1128462972,2019,45,79,"PG-13",953
"Spider-Man: Far from Home",1131927996,2019,95,90,"PG-13",954
"The Lord of the Rings: The Return of the King",1146457748,2003,86,93,"PG-13",955
"Aquaman",1148528393,2018,73,65,"PG-13",956
"Captain America: Civil War",1153337496,2016,89,90,"PG-13",957
"Minions",1159444662,2015,49,55,"PG",958
"Iron Man 3",1214811252,2013,78,79,"PG-13",959
"The Fate of the Furious",1236005118,2017,72,67,"PG-13",960
"Incredibles 2",1243089244,2018,84,93,"PG",961
"Frozen 2013",1304550716,2013,85,90,"PG",962
"Beauty and the Beast 2017",1305611599,2017,80,71,"PG",963
"Jurassic World: Fallen Kingdom",1310466296,2018,48,47,"PG-13",964
"Star Wars: The Last Jedi",1332698830,2017,42,91,"PG-13",965
"Harry Potter and the Deathly Hallows: Part 2",1342359942,2011,89,96,"PG-13",966
"Black Panther 2018",1382248826,2018,79,96,"PG-13",967
"Avengers: Age of Ultron",1402809540,2015,82,76,"PG-13",968
"Frozen II",1450026933,2019,92,77,"PG",969
"Top Gun: Maverick",1488732821,2022,99,96,"PG-13",970
"Furious 7",1515341399,2015,82,81,"PG-13",971
"Marvel's The Avengers",1518815515,2012,91,91,"PG-13",972
"The Lion King",1663250487,2019,93,93,"G",973
"Jurassic World",1671537444,2015,78,71,"PG-13",974
"Spider-Man: No Way Home",1916306995,2021,98,93,"PG-13",975
"Avengers: Infinity War",2048359754,2018,92,85,"PG-13",976
"Star Wars: Episode VII - The Force Awakens",2069521700,2015,85,93,"PG-13",977
"Titanic",2201647264,1997,69,87,"PG-13",978
"Avengers: Endgame",2797501328,2019,90,94,"PG-13",979
"Avatar",2922917914,2009,82,82,"PG-13",980
